x,mnist,fashion_mnist,cifar10
relu,0.9803,0.8755,0.5926000028848648
WSGAF_wt2_r_small,0.9783,0.8729,0.5575999975204468
WSGAF_wt2_t_small,0.9756,0.8792,0.5838999927043915
WSGAF_wt2_s_small,0.93,0.7921,0.4705999955534935
WSGAF_wt2_a_small,0.9705,0.8672,0.5467000052332878
WSGAF_wt2_r_large,0.9794,0.8638,0.5611999928951263
WSGAF_wt2_t_large,0.9779,0.8697,0.5838999956846237
WSGAF_wt2_s_large,0.9424,0.8004,0.4954999968409538
WSGAF_wt2_a_large,0.9732,0.8668,0.5371999964118004
