x,mnist,fashion_mnist,cifar10
relu,0.9818,0.8776,0.5693000018596649
WSGAF2_wt2_r_small,0.9769,0.865,0.5658000022172928
WSGAF2_wt2_t_small,0.9757,0.8733,0.5897000104188919
WSGAF2_wt2_s_small,0.9331,0.789,0.4783999979496002
WSGAF2_wt2_a_small,0.9699,0.8683,0.5601999968290329
WSGAF2_wt2_r_large,0.9758,0.8736,0.5555999994277954
WSGAF2_wt2_t_large,0.9756,0.8743,0.6105000019073487
WSGAF2_wt2_s_large,0.9347,0.7976,0.4505999967455864
WSGAF2_wt2_a_large,0.9722,0.8576,0.5801999986171722
