x,mnist,fashion_mnist,cifar10
relu,0.9808,0.8706,0.5805999994277954
WSGAF2_wt2_r_small,0.9772,0.8695,0.5743999928236008
WSGAF2_wt2_t_small,0.9771,0.8724,0.597500005364418
WSGAF2_wt2_s_small,0.932,0.7897,0.4633999988436699
WSGAF2_wt2_a_small,0.9726,0.865,0.5599000006914139
WSGAF2_wt2_r_large,0.9776,0.8687,0.5680999964475631
WSGAF2_wt2_t_large,0.9769,0.8796,0.5758000016212463
WSGAF2_wt2_s_large,0.9213,0.7747,0.4799999982118607
WSGAF2_wt2_a_large,0.9695,0.865,0.5382000029087066
