x,mnist,fashion_mnist,cifar10
relu,0.9819,0.8719,0.5917999982833863
WSGAF_wt_r_small,0.9799,0.8749,0.5699000030755996
WSGAF_wt_t_small,0.9768,0.8786,0.5922999948263168
WSGAF_wt_s_small,0.9205,0.7594,0.43879999667406083
WSGAF_wt_a_small,0.9705,0.862,0.5698000013828277
WSGAF_wt_r_large,0.098,0.1,0.5309999972581864
WSGAF_wt_t_large,0.9703,0.8722,0.5910000026226043
WSGAF_wt_s_large,0.9494,0.8206,0.5251999974250794
WSGAF_wt_a_large,0.9705,0.8573,0.5694999992847443
