x,mnist,fashion_mnist,cifar10
relu,0.9809,0.872,0.5840999990701675
WSGAF_wt_r_small,0.9812,0.8768,0.5572000026702881
WSGAF_wt_t_small,0.9761,0.8738,0.6096999973058701
WSGAF_wt_s_small,0.9217,0.7556,0.4468000039458275
WSGAF_wt_a_small,0.9698,0.8623,0.577199998497963
WSGAF_wt_r_large,0.9737,0.1,0.5133000046014786
WSGAF_wt_t_large,0.9739,0.8639,0.5661999970674515
WSGAF_wt_s_large,0.9616,0.8231,0.5192999944090844
WSGAF_wt_a_large,0.9653,0.8608,0.5584999978542328
