x,mnist,fashion_mnist,cifar10
relu,0.9778,0.8754,0.5990999907255172
WSGAF2_wt2_r_small,0.98,0.8734,0.5683000028133393
WSGAF2_wt2_t_small,0.9768,0.8727,0.5916999995708465
WSGAF2_wt2_s_small,0.9339,0.7819,0.4660999983549118
WSGAF2_wt2_a_small,0.9733,0.8714,0.5633000016212464
WSGAF2_wt2_r_large,0.9794,0.8749,0.5759000018239021
WSGAF2_wt2_t_large,0.9759,0.8761,0.5862000048160553
WSGAF2_wt2_s_large,0.9268,0.7917,0.48879999965429305
WSGAF2_wt2_a_large,0.973,0.8663,0.5342000022530555
