x,mnist,fashion_mnist,cifar10
relu,0.9814,0.8738,0.5772000014781952
WSGAF_wt2_r_small,0.9781,0.8731,0.5630000025033951
WSGAF_wt2_t_small,0.9749,0.87,0.5869000017642975
WSGAF_wt2_s_small,0.9288,0.7884,0.47069999724626543
WSGAF_wt2_a_small,0.9745,0.8612,0.5498999997973442
WSGAF_wt2_r_large,0.977,0.8742,0.5539000064134598
WSGAF_wt2_t_large,0.9745,0.874,0.5901999980211258
WSGAF_wt2_s_large,0.9458,0.7982,0.5000999972224236
WSGAF_wt2_a_large,0.972,0.8585,0.553700003027916
