x,mnist,fashion_mnist,cifar10
relu,0.9789,0.8752,0.5888000011444092
WSGAF_wt_r_small,0.9789,0.8747,0.5808999985456467
WSGAF_wt_t_small,0.9766,0.8774,0.5930999994277955
WSGAF_wt_s_small,0.9182,0.7587,0.4440999999642372
WSGAF_wt_a_small,0.9724,0.8527,0.5589000016450882
WSGAF_wt_r_large,0.9773,0.1,0.5093999981880188
WSGAF_wt_t_large,0.973,0.8672,0.564000004529953
WSGAF_wt_s_large,0.9445,0.834,0.5170999974012375
WSGAF_wt_a_large,0.9704,0.8591,0.5434000015258789
