x,mnist,fashion_mnist,cifar10
relu,0.9808,0.8712,0.5900999993085861
WSGAF_wt_r_small,0.9802,0.8716,0.5547999978065491
WSGAF_wt_t_small,0.9759,0.8789,0.5970999956130981
WSGAF_wt_s_small,0.921,0.7617,0.44269999861717224
WSGAF_wt_a_small,0.9712,0.8575,0.5719999969005585
WSGAF_wt_r_large,0.9779,0.8708,0.5248000055551529
WSGAF_wt_t_large,0.9705,0.8656,0.5593000024557113
WSGAF_wt_s_large,0.951,0.8335,0.5152999997138977
WSGAF_wt_a_large,0.9666,0.8608,0.5349000066518783
