x,mnist,fashion_mnist,cifar10
relu,0.9805,0.878,0.5702999949455261
WSGAF2_wt_r_small,0.9764,0.8696,0.5761999964714051
WSGAF2_wt_t_small,0.9739,0.8783,0.5965999990701676
WSGAF2_wt_s_small,0.9155,0.7692,0.4562000006437302
WSGAF2_wt_a_small,0.9712,0.8643,0.5771999925374984
WSGAF2_wt_r_large,0.098,0.8551,0.579200005531311
WSGAF2_wt_t_large,0.9745,0.8622,0.5955999970436097
WSGAF2_wt_s_large,0.9429,0.8161,0.4522999972105026
WSGAF2_wt_a_large,0.957,0.8554,0.5630000025033951
