x,mnist,fashion_mnist,cifar10
relu,0.9793,0.8712,0.5679999977350235
WSGAF2_wt_r_small,0.9811,0.8752,0.5475999981164932
WSGAF2_wt_t_small,0.9793,0.8729,0.5973999977111817
WSGAF2_wt_s_small,0.9256,0.766,0.4668000012636185
WSGAF2_wt_a_small,0.9712,0.8658,0.5801000028848649
WSGAF2_wt_r_large,0.9694,0.8733,0.5841000080108643
WSGAF2_wt_t_large,0.9727,0.8729,0.6009999960660934
WSGAF2_wt_s_large,0.9224,0.8354,0.45360000282526014
WSGAF2_wt_a_large,0.958,0.8536,0.5637999981641769
