x,mnist,fashion_mnist,cifar10
relu,0.9797,0.8732,0.5812999933958054
WSGAF2_wt_r_small,0.9796,0.874,0.5680999964475631
WSGAF2_wt_t_small,0.9769,0.8754,0.5910999923944473
WSGAF2_wt_s_small,0.9296,0.7618,0.47899999767541884
WSGAF2_wt_a_small,0.9717,0.8585,0.568900004029274
WSGAF2_wt_r_large,0.9839,0.839,0.5261999920010567
WSGAF2_wt_t_large,0.9769,0.8158,0.5823000013828278
WSGAF2_wt_s_large,0.9258,0.8351,0.5558999955654145
WSGAF2_wt_a_large,0.976,0.8537,0.5380999982357025
