x,mnist,fashion_mnist,cifar10
relu,0.9771,0.874,0.5891999959945678
WSGAF_wt2_r_small,0.9802,0.8677,0.5463000014424324
WSGAF_wt2_t_small,0.9756,0.8767,0.5973000019788742
WSGAF_wt2_s_small,0.9353,0.7937,0.4699999988079071
WSGAF_wt2_a_small,0.9726,0.8647,0.5558000087738038
WSGAF_wt2_r_large,0.975,0.8688,0.5603000044822692
WSGAF_wt2_t_large,0.9753,0.8764,0.5907999992370605
WSGAF_wt2_s_large,0.939,0.8049,0.48599999845027925
WSGAF_wt2_a_large,0.9733,0.8648,0.5462000042200088
