x,mnist,fashion_mnist,cifar10
relu,0.9811,0.8743,0.5763999998569489
WSGAF2_wt2_r_small,0.9778,0.8758,0.5796000033617019
WSGAF2_wt2_t_small,0.9736,0.8753,0.5936999946832657
WSGAF2_wt2_s_small,0.9299,0.7899,0.4794999986886978
WSGAF2_wt2_a_small,0.9726,0.8699,0.5586999982595444
WSGAF2_wt2_r_large,0.9781,0.8724,0.5755999982357025
WSGAF2_wt2_t_large,0.9776,0.8763,0.5942999988794326
WSGAF2_wt2_s_large,0.9216,0.822,0.4654000014066696
WSGAF2_wt2_a_large,0.9744,0.869,0.5401000007987022
