x,mnist,fashion_mnist,cifar10
relu,0.9796,0.8699,0.5752999991178512
WSGAF_wt2_r_small,0.9801,0.8652,0.5568000048398971
WSGAF_wt2_t_small,0.9782,0.876,0.5986999928951263
WSGAF_wt2_s_small,0.9324,0.7809,0.4742999985814095
WSGAF_wt2_a_small,0.9756,0.8664,0.5574000000953674
WSGAF_wt2_r_large,0.9772,0.8724,0.567299997806549
WSGAF_wt2_t_large,0.9779,0.876,0.579299995303154
WSGAF_wt2_s_large,0.9439,0.8003,0.5029000014066696
WSGAF_wt2_a_large,0.973,0.8656,0.5686999976634979
