x,mnist,fashion_mnist,cifar10
relu,0.9801,0.8738,0.5683000057935714
WSGAF_wt2_r_small,0.9778,0.8676,0.5524000018835068
WSGAF_wt2_t_small,0.974,0.8734,0.5872999936342239
WSGAF_wt2_s_small,0.9288,0.7946,0.4726999968290329
WSGAF_wt2_a_small,0.9717,0.8665,0.5613999962806702
WSGAF_wt2_r_large,0.9746,0.8663,0.5872000008821487
WSGAF_wt2_t_large,0.9757,0.8706,0.5972000002861023
WSGAF_wt2_s_large,0.9393,0.8124,0.49100000113248826
WSGAF_wt2_a_large,0.9687,0.8637,0.5628000020980835
