x,mnist,fashion_mnist,cifar10
relu,0.9796,0.8791,0.5875000029802322
WSGAF2_wt_r_small,0.9821,0.8773,0.5833000034093857
WSGAF2_wt_t_small,0.9762,0.8757,0.5936999946832657
WSGAF2_wt_s_small,0.9291,0.7588,0.4501999974250793
WSGAF2_wt_a_small,0.9696,0.863,0.5856000036001205
WSGAF2_wt_r_large,0.9739,0.1,0.1
WSGAF2_wt_t_large,0.9701,0.874,0.6250999987125396
WSGAF2_wt_s_large,0.9336,0.7664,0.5105000004172325
WSGAF2_wt_a_large,0.9787,0.8712,0.5802999943494797
