x,mnist,fashion_mnist,cifar10
relu,0.9793,0.8737,0.5840000003576279
WSGAF2_wt2_r_small,0.9783,0.8699,0.5620000034570694
WSGAF2_wt2_t_small,0.9751,0.8737,0.5882999986410141
WSGAF2_wt2_s_small,0.9353,0.7933,0.47360000014305115
WSGAF2_wt2_a_small,0.974,0.8663,0.574399995803833
WSGAF2_wt2_r_large,0.9819,0.8718,0.5449000000953674
WSGAF2_wt2_t_large,0.9771,0.8707,0.588100004196167
WSGAF2_wt2_s_large,0.9565,0.816,0.48379999548196795
WSGAF2_wt2_a_large,0.9711,0.8708,0.5420999988913536
