x,mnist,fashion_mnist,cifar10
relu,0.9827,0.8727,0.58299999833107
WSGAF_wt_r_small,0.9795,0.8773,0.5723000019788742
WSGAF_wt_t_small,0.9759,0.88,0.5916000008583069
WSGAF_wt_s_small,0.9175,0.7586,0.4387999981641769
WSGAF_wt_a_small,0.9691,0.8585,0.5636000007390976
WSGAF_wt_r_large,0.9758,0.1,0.5368000000715256
WSGAF_wt_t_large,0.973,0.8678,0.563400000333786
WSGAF_wt_s_large,0.9527,0.8335,0.5161999985575676
WSGAF_wt_a_large,0.9674,0.8574,0.5532999962568284
