x,mnist,fashion_mnist,cifar10
relu,0.9805,0.8781,0.5887000024318695
WSGAF2_wt_r_small,0.9777,0.8764,0.5830999970436096
WSGAF2_wt_t_small,0.9758,0.8785,0.5822999954223633
WSGAF2_wt_s_small,0.9256,0.7552,0.43569999784231184
WSGAF2_wt_a_small,0.9716,0.8633,0.5711999982595444
WSGAF2_wt_r_large,0.9741,0.1,0.6034000009298325
WSGAF2_wt_t_large,0.9764,0.8613,0.5623999953269958
WSGAF2_wt_s_large,0.9196,0.8238,0.546399998664856
WSGAF2_wt_a_large,0.9549,0.8663,0.5855999916791916
